{"r2": 0.16953705093522553, "mse": 0.9111730001968266}